{"monitor_costs": [0.8181611715653029, 0.743705918733752, 0.6746768108359603, 0.6746768108359603, 0.6348043168157567, 0.6348043168157567, 0.6137504494235497, 0.554429669185286, 0.554429669185286, 0.4987325232182914], "best_path": [43, 215, 217, 45, 55, 227, 56, 228, 54, 226, 0, 172, 1, 173, 204, 32, 31, 203, 5, 177, 201, 29, 138, 310, 312, 140, 306, 134, 284, 112, 46, 218, 47, 219, 239, 67, 220, 48, 221, 49, 145, 317, 146, 318, 147, 319, 127, 299, 131, 303, 129, 301, 302, 130, 128, 300, 325, 153, 152, 324, 316, 144, 88, 260, 261, 89, 82, 254, 83, 255, 241, 69, 273, 101, 27, 199, 25, 197, 196, 24, 12, 184, 10, 182, 59, 231, 232, 60, 223, 51, 58, 230, 229, 57, 210, 38, 213, 41, 42, 214, 71, 243, 247, 75, 244, 72, 249, 77, 65, 237, 238, 66, 50, 222, 233, 61, 234, 62, 26, 198, 74, 246, 73, 245, 235, 63, 206, 34, 205, 33, 6, 178, 9, 181, 17, 189, 187, 15, 188, 16, 192, 20, 190, 18, 195, 23, 193, 21, 22, 194, 304, 132, 314, 142, 113, 285, 289, 117, 286, 114, 282, 110, 120, 292, 293, 121, 295, 123, 294, 122, 296, 124, 125, 297, 253, 81, 68, 240, 19, 191, 4, 176, 200, 28, 2, 174, 3, 175, 280, 108, 276, 104, 270, 98, 99, 271, 105, 277, 107, 279, 291, 119, 148, 320, 149, 321, 322, 150, 154, 326, 338, 166, 330, 158, 139, 311, 135, 307, 308, 136, 85, 257, 86, 258, 259, 87, 266, 94, 95, 267, 268, 96, 106, 278, 93, 265, 92, 264, 281, 109, 100, 272, 90, 262, 91, 263, 305, 133, 102, 274, 275, 103, 137, 309, 248, 76, 242, 70, 216, 44, 183, 11, 179, 7, 185, 13, 30, 202, 186, 14, 78, 250, 251, 79, 84, 256, 80, 252, 269, 97, 236, 64, 225, 53, 224, 52, 209, 37, 35, 207, 313, 141, 283, 111, 40, 212, 180, 8, 39, 211, 36, 208, 329, 157, 341, 169, 162, 334, 161, 333, 332, 160, 159, 331, 337, 165, 335, 163, 164, 336, 170, 342, 167, 339, 340, 168, 155, 327, 151, 323, 126, 298, 315, 143, 343, 171, 287, 115, 288, 116, 118, 290, 156, 328]}